{"cameraMode":{"drawMode":0,"name":"Shaded","section":"Shading Mode"},"sceneLighting":true,"audioPlay":false,"sceneViewState":{"m_AlwaysRefresh":false,"showFog":true,"showSkybox":true,"showFlares":true,"showImageEffects":true,"showParticleSystems":true,"showVisualEffectGraphs":true,"m_FxEnabled":true},"in2DMode":false,"pivot":{"x":12.941885948181153,"y":-18.923965454101564,"z":167.8368682861328},"rotation":{"x":0.08384530246257782,"y":0.036464180797338489,"z":-0.003070377977564931,"w":0.9958115816116333},"size":102.59884643554688,"orthographic":false}