{"cameraMode":{"drawMode":0,"name":"Shaded","section":"Shading Mode"},"sceneLighting":true,"audioPlay":false,"sceneViewState":{"m_AlwaysRefresh":false,"showFog":true,"showSkybox":true,"showFlares":true,"showImageEffects":true,"showParticleSystems":true,"showVisualEffectGraphs":true,"m_FxEnabled":true},"in2DMode":false,"pivot":{"x":17.994632720947267,"y":6.569705009460449,"z":0.38751327991485598},"rotation":{"x":0.13310101628303529,"y":0.00654189707711339,"z":-0.0008888736483640969,"w":0.9910871386528015},"size":5.9068922996521,"orthographic":false}