{"cameraMode":{"drawMode":0,"name":"Shaded","section":"Shading Mode"},"sceneLighting":false,"audioPlay":false,"sceneViewState":{"m_AlwaysRefresh":false,"showFog":true,"showSkybox":false,"showFlares":true,"showImageEffects":true,"showParticleSystems":true,"showVisualEffectGraphs":true,"m_FxEnabled":true},"in2DMode":false,"pivot":{"x":0.02200007438659668,"y":1.752500057220459,"z":-0.00801035761833191},"rotation":{"x":0.12309736013412476,"y":-0.6120620369911194,"z":0.0972052738070488,"w":0.7751040458679199},"size":1.492435097694397,"orthographic":false}